,,2019,2019,2019,2019,2019,2019,2019,2019,2019,2019,2019,2019,2020,2020,2020
,,1,2,3,4,5,6,7,8,9,10,11,12,1,2,3
,CUENTA CONTRATO,CONSUMO kWh/mes,CONSUMO kWh/mes,CONSUMO kWh/mes,CONSUMO kWh/mes,CONSUMO kWh/mes,CONSUMO kWh/mes,CONSUMO kWh/mes,CONSUMO kWh/mes,CONSUMO kWh/mes,CONSUMO kWh/mes,CONSUMO kWh/mes,CONSUMO kWh/mes,CONSUMO kWh/mes,CONSUMO kWh/mes,CONSUMO kWh/mes
ATM REMOTO,10001,159,145,119,145,137,136,122,143,121,144,131,126,114,117,129
ATM REMOTO,10002,734,145,423,424,521,545,485,558,464,519,476,463,446,460,451
OFICINA,10003,4843,4917,4356,4862,4618,4878,5186,5067,4657,4218,3582,3455,3349,3414,2285
ATM REMOTO,10004,201,197,2285,2277,2330,2330,2549,2297,2389,2337,2344,2334,246,0,492
ATM REMOTO,10005,130,152,0,0,0,0,0,0,0,0,0,0,161,0,321
ATM REMOTO,10006,402,520,3853,4338,3660,3660,3815,3738,3321,3625,3592,3650,677,0,1354
ATM REMOTO,10007,201,197,1278,1260,1235,1235,1486,1093,565,1184,1171,1158,130,0,260
OFICINA,10008,2052,2237,2055,2126,2218,2101,2137,2367,2007,2155,2115,1898,2370,2383,2255
OFICINA,10009,1789,2024,1829,192,1956,1786,1899,2077,1744,1615,1865,1786,1683,1608,1796
OFICINA ADICIONAL,10010,0,0,106,0,0,0,0,0,0,53,27,27,,,
OFICINA,10011,5145,4488,0,0,0,0,0,0,0,0,0,0,2363,2987,2673
OFICINA,10012,16,138,128,148,137,130,145,135,147,4400,140,151,120,120,114
ATM REMOTO,10013,NA,NA,NA,NA,NA,NA,NA,NA,NA,NA,NA,NA,0,0,0
ATM REMOTO,10014,0,0,0,0,1098,1790,412,1207,0,1148,0,1143,0,0,0
ATM REMOTO,10015,0,0,3269,3639,2662,2662,3125,2591,0,2866,0,2690,0,0,0
ATM REMOTO,10016,166,113,3270,3475,2466,3385,3780,3153,3520,3285,3288,3261,1804,1804,1713
ATM REMOTO,10017,0,0,2787,2709,3012,2635,2885,3004,3838,2482,2696,2694,869,869,826
ATM REMOTO,10018,NA,NA,NA,NA,NA,NA,NA,NA,NA,NA,NA,NA,,,
ATM REMOTO,10019,0,0,1975,2130,2122,2098,2115,1822,1850,2043,2053,2042,260,260,247
ATM REMOTO,10020,NA,NA,NA,NA,NA,NA,NA,NA,NA,NA,NA,NA,NAF,NAF,NAF
ATM REMOTO,10021,0,0,2156,2092,1860,2104,1991,2077,2265,2147,2067,2063,,,
ATM REMOTO,10022,NA,NA,NA,NA,NA,NA,NA,NA,NA,NA,NA,NA,0,0,0
ATM REMOTO,10023,0,420,1918,2217,1984,1821,2343,2024,2174,1985,2072,2051,1930,1930,0
ATM REMOTO,10024,0,0,1843,1980,2091,1920,2082,1955,2234,1985,2005,2009,1674,1674,1590
ATM REMOTO,10025,0,0,292,151,236,247,292,108,99,84,208,216,0,0,0
ATM REMOTO,10026,NA,NA,NA,NA,NA,NA,NA,NA,NA,NA,NA,NA,NAF,NAF,NAF
ATM REMOTO,10027,NA,NA,NA,NA,NA,NA,NA,NA,NA,NA,NA,NA,NAF,NAF,NAF
OFICINA,10028,29,365,352,403,391,372,407,383,381,369,0,316,287,290,307
ATM REMOTO,10029,204,173,169,164,149,133,135,151,0,166,0,241,211,193,223
OFICINA,10030,4663,4168,2040,2040,1980,1860,1980,1740,1500,1440,1922,1906,4663,2645,4663
ATM OFICINA,10031,1764,1741,265,279,251,227,266,224,223,233,248,244,1764,1553,1764
OFICINA,10032,2392,2677,2292,1487,2222,2493,2194,2376,2344,1866,1618,1403,1306,1536,350
OFICINA,10033,223,901,858,929,893,857,921,818,815,821,689,737,763,776,882
OFICINA ADICIONAL,10034,839,806,835,872,844,766,929,800,816,1129,990,1147,720,717,688
OFICINA,10035,2554,2756,2445,2488,2538,2254,2177,2536,2540,2561,0,2029,1773,1990,806
OFICINA,10036,1725,1992,1728,1729,2008,1856,2072,1906,1651,1849,1889,1634,1770,1944,1477
OFICINA,10037,26,27,1,0,0,0,1,0,1,0,0,0,0,0,7
OFICINA,10038,3883,3579,3395,3754,4572,5270,4271,4193,4038,3526,3454,3492,3160,3157,2657
ATM REMOTO,10039,193,208,164,178,198,173,168,207,221,224,208,239,195,208,248
OFICINA,10040,2196,2203,3314,3721,3263,3594,3594,3692,3641,3692,3620,3606,2906,2833.6,2612.8
ATM REMOTO,10041,192,196,4603,5896,3556,3556,3777,3863,3793,4249,4198,4146,755,0,717
OFICINA,10042,2268,2452,2146,1688,2302,2580,1866,1905,1589,1545,1703,1516,1606,2380,2382
ATM REMOTO,10043,NA,NA,NA,NA,NA,NA,NA,NA,NA,NA,NA,NA,1566,1566,1488
ATM REMOTO,10044,600,496,5,0,0,0,0,0,0,1,0,0,514,533,0
ATM REMOTO,10045,160,165,157,178,167,162,118,219,168,160,159,182,159,165,171
ATM REMOTO,10046,NA,NA,NA,NA,NA,NA,NA,NA,NA,NA,NA,NA,132,134,137
ATM REMOTO,10047,0,0,2216,2737,2457,2457,2962,3112,2280,134,167,195,193,182,30
ATM REMOTO,10048,141,141,4570,5926,6225,4953,4941,4989,4708,4378,5215,5113,1423,1423,1352
ATM REMOTO,10049,83,83,1565,1731,1943,1469,1253,1517,1015,1499,1690,1455,859,859,816
ATM REMOTO,10050,NA,NA,NA,NA,NA,NA,NA,NA,NA,NA,NA,NA,921,921,875
ATM REMOTO,10051,NA,NA,NA,NA,NA,NA,NA,NA,NA,NA,NA,NA,1427,1427,1355
OFICINA,10052,1971,1840,1993,2312,2306,2294,2356,2327,2363,2338,2320,2321,1516,1373,1306
ATM REMOTO,10053,458,317,209,1887,270,235,213,216,NA,NA,NA,NA,247,211,203
OFICINA ADICIONAL,10054,NA,NA,NA,NA,NA,NA,NA,NA,NA,NA,NA,NA,0,0,0
OFICINA,10055,943,983,942,868,853,1064,903,900,960,862,1030,1054,1081,1060,1013
OFICINA,10056,222,5040,4480,4480,4800,4570,4000,5360,4560,4000,4080,3680,3200,3200,3309
OFICINA,10057,2665,2428,2079,1911,2269,2407,2421,2506,2289,2036,1820,1903,1748,1735,1665
OFICINA,10058,1848,1727,1696,1679,1876,2761,1806,1715,2879,1579,1476,1551,1433,1405,1450
ATM REMOTO,10059,189,217,204,174,172,197,186,220,200,194,222,196,194,186,211
ATM REMOTO,10060,445,380,383,376,430,387,398,445,417,454,303,323,281,275,293
OFICINA,10061,14640,15120,12800,14080,14080,15200,14720,15120,15280,15280,15360,15440,15760,14560,7108
OFICINA,10062,1858,1900,4461,3967,5097,4113,3794,3886,3469,3828,4063,4076,1974,1961,1971
ATM REMOTO,10063,175,1434,157,156,178,171,159,172,164,171,163,164,180,181,179
OFICINA,10064,2220,1680,1620,2040,2040,1980,1860,1980,1740,1920,1500,1440,1320,1500,1320
OFICINA,10065,1940,2040,409,422,395,398,442,464,475,434,437,440,1780,2260,1860
OFICINA,10066,511,443,425,629,317,237,332,267,373,628,518,495,373,490,432
ATM REMOTO,10067,160,135,589,558,591,571,501,523,469,549,544,542,122,125.5590994,126
OFICINA,10068,4843,2175,2244,2214,2129,1920,1660,1914,1914,2041,1837,2157,2113,2225,1505
ATM REMOTO,10069,551,643,615,648,694,602,601,644,632,681,622,675,560,611,694
OFICINA,10070,520,159,4586,4866,5916,5152,4545,4545,3422,4782,4810,4802,0,0,0
OFICINA,10071,3077,2204,2145,2156,2092,1860,2104,1991,2077,2265,2147,2027,1852,1804,1701
ATM REMOTO,10072,121,129,1761,1482,1534,1499,1534,534,7,1213,1135,1085,0,0,0
ATM REMOTO,10073,817,770,2170,2037,2010,1955,2019,1736,1197,1875,1833,1804,0,0,0
ATM REMOTO,10074,241,237,2704,2359,2472,2043,1574,2513,2657,2365,2317,2311,212,0,0
ATM REMOTO,10075,154,115,4210,4512,4653,4144,4744,3977,3760,3313,4260,4224,1021,1021,0
ATM REMOTO,10076,NA,NA,NA,NA,NA,NA,NA,NA,NA,NA,NA,NA,0,863,0
OFICINA,10077,1773,1541,1509,1682,1903,1878,1582,1677,1637,1550,1482,1331,1306,1319,1312
OFICINA,10078,2202,3037,4136,4236,3886,3742,3963,2849,2830,3666,3599,3508,2878,0,2125
OFICINA,10079,3802,3611,3558,3806,3782,3747,2880,2835,2449,2418,2421,2260,2234,2372,2134
OFICINA,10080,2096,2182,2252,2076,2243,2173,2445,2232,2293,2028,2036,2139,1866,1868,1707
ATM REMOTO,10081,423,400,343,359,460,442,420,464,418,420,390,394,357,375,375
ATM REMOTO,10082,288,341,300,302,336,300,302,334,312,302,353,261,275,252,301
ATM REMOTO,10083,486,557,464,431,458,456,424,168,418,167,166,166,386,342,398
ATM REMOTO,10084,252,222,0,160,0,0,0,0,4120,32,32,11,184,184,225
ATM REMOTO,10085,249,257,389,453,522,447,311,311,193,184,184,202,170,215,324
ATM REMOTO,10086,215,192,209,0,0,194,269,0,0,224,229,229,297,181,172
ATM REMOTO,10087,0,0,0,0,0,0,0,0,0,0,0,0,167,167,159
OFICINA,10088,581,577,584,650,597,554,524,560,552,669,583,615,952,958,1088
OFICINA,10089,NA,NA,NA,NA,NA,NA,NA,NA,NA,NA,NA,NA,210,210,655
ATM REMOTO,10090,308,315,1814,1985,2277,1655,1811,1737,1550,1849.714286,1854.816327,1836.218659,0,1638,0
ATM REMOTO,10091,912,920,1435,1427,1414,1461,1396,1495,1407,1433.571429,1433.367347,1434.276968,,,
OFICINA,10092,112,95,96,105,106,106,102,111,1960,123,102,113,2693,2900,2361
OFICINA ADICIONAL,10093,112,2901,2871,3073,3060,2632,2769,2977,2785,3159,0,3093,100,112,88
OFICINA,10094,4229,4121,0,0,0,0,0,0,0,0,0,0,4029,4221,3662
OFICINA ADICIONAL,10095,3476,3761,3419,3668,3990,3318,3271,3014,2889,3725,3707,3326,3345,3362,2873
OFICINA,10096,0,0,0,0,0,0,0,0,0,0,0,0,0,0,0
OFICINA,10097,4762,4912,4677,4491,5004,4844,4156,4259,4250,4340,4345,4713,4466,4838,4626
OFICINA,10098,1774,1907,1708,1846,1718,1795,1677,2078,1598,1545,1716,1474,1406,1415,1534
OFICINA,10099,1268,1172,5828,5177,0,11520,3760,5320,0,5143.571429,5246,5027.052478,1175,1063,190
OFICINA,10100,1975,2005,1858,1843,1980,2091,1920,2082,1955,2024,2234,2250,2302,2382,1998
OFICINA ADICIONAL,10101,261,145,131,292,151,236,247,292,108,201,99,84,314,257,85
OFICINA,10102,2327,2109,2033,1973,2243,2362,2109,2201,2099,2341,2203,2596,2101,2187,1996
OFICINA ADICIONAL,10103,193,196,215,264,271,274,331,278,355,424,351,403,356,343,341
OFICINA,10104,987,859,982,1073,1126,1015,1184,1047,1110,1050,918,1029,885,907,751
OFICINA ADICIONAL,10105,226,356,347,315,444,374,431,385,439,404,358,417,357,354,302
OFICINA,10106,3209,3455,3247,3472,3578,3576,3126,3762,3124,3246,3753,3525,3792,3610,3359
ATM REMOTO,10107,317,372,328,304,371,435,451,513,458,585,673,578,484,462,544
ATM REMOTO,10108,0,0,3361,3399,3399,0,27,141,198,219,216,204,190,189,196
ATM REMOTO,10109,288,294,1198,1073,1112,1102,1428,1553,1121,1226.714286,1112,1253.361516,0,0,0
ATM REMOTO,10110,194,520,665,668,633,708,640,637,489,637,633,628,147,140,164
ATM REMOTO,10111,707,659,766,786,901,872,711,875,744,491,491,444,586,544,373
OFICINA,10112,NA,NA,NA,NA,NA,NA,NA,NA,NA,NA,NA,NA,297,297,282
OFICINA,10113,384,346,292,295,348,322,290,329,314,322,307,287,1884,1765,1782
ATM OFICINA,10114,1830,1574,1574,321,354,312,1639,1852,1660,1782,1840,1643,204,236,192
OFICINA,10115,2757,2571,786,901,872,771,875,744,491,444,775.877551,758.0029155,2514,4229,0
OFICINA ADICIONAL,10116,1844,1927,312,360,324,324,374,335,367,336.8571429,340.4081633,337.6093294,4172,533,
OFICINA,10117,32,0,278,210,184,205,267,201,227,220.2857143,212.0408163,212.3323615,1965,2216,1950
OFICINA ADICIONAL,10118,0,0,231,245,275,248,281,240,275,252,257.6122449,259.4139942,368,8,4.000926718
ATM REMOTO,10119,304,304,2126,2218,2101,2137,2367,2007,2115,2158.714286,2363,2155.586006,273,82,78
OFICINA,10120,1880,1480,1640,1840,1720,1680,2040,1960,1960,2640,2000,2480,0,0,0
ATM REMOTO,10121,0,0,0,0,0,0,0,0,0,0,0,432.2682216,0,NAF,NAF
OFICINA ADICIONAL,10122,2138,2009,1814,1814,2074,2006,1814,2138,1879,635,709.1632653,710.7580175,1880,1840,1880
OFICINA,10123,548,471,513,623,594,576,544,594,527,572,519,536,440,479,140
OFICINA,10124,1546,1342,1389,1439,1498,1474,1419,1442,1359,1471,1563,1365,1414,1466,903
OFICINA,10125,3849,3537,3518,3450,3633,3818,3088,3202,3077,3326,2595,2603,2307,2356,2399
ATM REMOTO,10126,0,0,3528,3897,4431,4351,4319,3671,0,4032.833333,4116.972222,4153.634259,1463,0,0
ATM REMOTO,10127,118,114,414,443,408,356,422,376,378,438,403.3877551,397.728863,2156,2156,2049
ATM REMOTO,10128,0,0,2160,2160,1640,1615,1760,1960,1760,1802.142857,1813.877551,1764.431487,0,0,
ATM REMOTO,10129,0,194,422,621,552,603,596,675,608,582.4285714,605.3469388,603.1107872,0,0,849
ATM REMOTO,10130,0,0,3806,2783,3747,2880,2449,2449,2421,2988.285714,2871.469388,2884.107872,0,0,1373
ATM REMOTO,10131,NA,NA,NA,NA,NA,NA,NA,NA,NA,NA,NA,NA,998,998,948
ATM REMOTO,10132,5,414,209,241,270,235,213,216,238,231.7142857,234.9591837,234.0962099,0,0,0
OFICINA,10133,3982,4969,238,297,250,227,229,246,211,242.5714286,189,235.5422741,5599,6075,5022
OFICINA,10134,2819,3010,2639,2729,2639,2946,2612,2901,2539,2117,2424,2851,2616,2474,2312
OFICINA,10135,3348,3166,2879,3270,3475,3466,3385,3780,3153,3469,3520,3602,3328,3342,1016
OFICINA,10136,1769,1945,1904,2124,1960,2103,2097,2103,2281,2265,2009,1819,2194,2079,1762
OFICINA,10137,90,86,525,435,537,513,534,586,520,521.4285714,520.9183673,533.1924198,934,938.3921201,995.0153265
ATM OFICINA,10138,0,0,1973,2243,2362,2201,2201,2099,2341,2596,2220.673469,2217.483965,311.9991318,305.1275797,355.0060593
ATM REMOTO,10139,223,206,211,233,231,202,433,216,219,238,211,244,169,163,146
OFICINA,10140,3513,3784,3404,4467,4043,3746,3173,3143,3139,2759,3183,2790,3636,2996,3141
OFICINA,10141,1760,1800,240,241,235,237,260,262,263,248.2857143,249.4693878,250.6793003,1320,1262,1880
OFICINA,10142,3562,208,4023,3633,4118,3766,3677,4083,3508,3538,3815,3822,3967,3876,4526
OFICINA,10143,0,0,388,444,471,298,0,0,0,400.25,403.3125,393.140625,0,118,112
OFICINA,10144,1553,1653,636,636,636,636,636,636,630,635.1428571,635.0204082,634.8804665,1723,1502,1359
OFICINA,10145,2640,2880,342,208,308,308,457,350,315,326.8571429,324.6938776,341.3644315,2680,2520,2840
OFICINA,10146,4371,4476,5213,4603,4564,5896,3556,3777,3863,3482,3793,3627,4303,4206,4036
OFICINA,10147,1335,1530,197,194,194,203,203,206,199,199.4285714,199.7755102,200.6005831,1366,1404,1572
ATM REMOTO,10148,239,253,486,455,365,262,247,263,620,385.4285714,580,359.0699708,235,146.0619137,175.0017821
OFICINA,10149,6000,5760,197,194,194,203,203,206,199,199.4285714,199.7755102,200.6005831,4880,4960,4320
ATM REMOTO,10150,0,0,1155,1254,1272,1389,1460,1313,1741,1339.714286,1366.102041,1382.116618,744.0002286,709,673
OFICINA,10151,3460,2850,161,155,116,118,133,129,0,135.3333333,131.0555556,127.0648148,3107,3038,2847
ATM REMOTO,10152,242,202,289,282,284,284,299,301,291,290,290.1428571,291.3061224,186,186,215.0039207
OFICINA,10153,269,2209,2147,2285,195,2277,2330,2549,2297,2202,2389,2226,2093,1855,434
ATM REMOTO,10154,0,0,1512,1718,1598,1601,1680,1487,1280,1542.428571,1546.77551,1522.314869,0,0,864
OFICINA,10155,4344,3224,3625,4409,4203,4013,4278,3706,3845,4034,3818,3824,3734,3734,2575
OFICINA,10156,1481,1560,614,599,603,464,458,0,0,547.6,534.32,521.384,361,361,444
OFICINA ADICIONAL,10157,1735,1747,1699,1730,1425,2495,1691,1853,1670,1700,1777,1569,314.2242991,342.1425891,135.0014257
OFICINA,10158,306,331,179,106,304,291,293,295,319,296.2857143,300.755102,299.8629738,1265,1538,1607
OFICINA,10159,2639,2066,1899,2235,3864,2878,2559,2153,2131,2147,2261,1913,1809,1901,1763
OFICINA,10160,2888,2854,2794,2930,3489,3735,3614,3428,3558,2872,2718,2399,2190,2362,1804
ATM REMOTO,10161,229,249,204,242,284,315,278,284,305,287,289,311,266,265,326
OFICINA ADICIONAL,10162,1323,1517,1507,1475,229,1062,1284,1654,1467,1541,1692,1487,1607,1628,1232
OFICINA,10163,480,560,444,684,752,228,374,202,117,349,0,459,450,652,336
OFICINA,10164,3243,2717,253,310,317,333,329,294,325,308.7142857,316.6734694,317.6268222,2486,2533,2627.03878
ATM REMOTO,10165,428,336,246,240,242,253,255,256,256,249.7142857,250.244898,251.7084548,271,257,256.9994168
OFICINA,10166,2706,2283,157,182,183,191,193,188,188,183.1428571,186.877551,187.574344,1822,1807,1382
ATM REMOTO,10167,636,623,318,369,433,323,388,384,317,361.7142857,367.9591837,367.8104956,0,0,138
ATM REMOTO,10168,327,323,225,185,170,210,189,229,208,202.2857143,199.0408163,201.0466472,307,273,273
ATM REMOTO,10169,136,150,127,129,135,149,142,172,155,803,172,160,651,659,687
ATM REMOTO,10170,0,0,532,186,187,194,0,0,0,274.75,210.4375,216.546875,0,0,0
ATM REMOTO,10171,720,779,683,677,698,750,676,742,663,730,370.4285714,635,150,150,165
OFICINA,10172,6015,5929,5659,5869,6003,6588,5436,5193,5430,4513,5666,4138,3668,3875,3337
ATM REMOTO,10173,240,245,227,196,198,207,502,499,203,290.2857143,299.3265306,314.0874636,296,296,281
ATM REMOTO,10174,330,286,1398,1474,1434,1474,1406,1447,1517,1450,1457.428571,1455.061224,312,293,318
OFICINA,10175,1828,1853,1796,1728,1869,1579,1671,1797,1507,1590,1768,1486,1748,1573,1605
OFICINA,10176,2620,2907,177,124,161,168,143,158,0,155.1666667,151.5277778,156.1157407,0,0,0
OFICINA,10177,875,1082,0,514,560,0,0,0,0,537,537,544.6666667,498.93,1102.98,1096.54
OFICINA,10178,509,144,4074,4004,4004,4179,4212,4237,0,4118.333333,4125.722222,4146.009259,0,0,0
ATM REMOTO,10179,117,150,629,317,237,332,267,373,518,397.5714286,364.5102041,371.2973761,0,0,0
ATM REMOTO,10180,198,194,1587,1700,1537,1540,1627,1577,1602,1588.428571,1588.632653,1572.723032,0,0,0
ATM REMOTO,10181,142,171,6200,6240,4320,4640,4800,4200,4920,5045.714286,4880.816327,4686.64723,0,0,0
ATM REMOTO,10182,45,110,2128,2271,2181,2119,2158,2041,1989,1897,2133.877551,2114.28863,0,0,0
ATM REMOTO,10183,0,0,2939,2829,2252,1848,2252,2427,3187,2533.857143,2475.979592,2425.548105,791,791,752
ATM REMOTO,10184,0,0,2235,3864,2878,2559,2131,2131,2261,1913,2614.102041,2435.54519,665,665,631
OFICINA,10185,669,140,498,532,648,0,492,414,0,516.8,520.56,518.272,1233,0,1172
ATM REMOTO,10186,104,127,3314,3530,3451,3442,3273,3030,3428,3330,3332.285714,3304.040816,0,0,0
ATM REMOTO,10187,118,116,165,402,403,338,408,415,397,361.1428571,389.1632653,387.3294461,894,0,849
ATM REMOTO,10188,147,179,0,0,0,0,0,0,0,0,0,0,0,,0
ATM REMOTO,10189,0,1532,2930,2489,3735,3614,3428,3558,2872,2399,3275.469388,3387.822157,0,0,438
OFICINA,10190,4571,4810,4406,1,5926,6225,4953,4941,4989,4335,4708,4378,4172,4222,4150
ATM REMOTO,10191,219,241,227,231,245,275,248,281,240,260,275,252,439,205,192
OFICINA,10192,4311,3407,2471,3779,3941,3960,3730,4003,3344,3632,3783,3537,1249,1648,1538
OFICINA ADICIONAL,10193,1829,1862,1775,1814,1985,2277,1655,1811,1737,1669,0,1762,3375,3397,2719
OFICINA,10194,1235,1119,1307,1288,1541,1304,1140,1493,1319,1341.714286,1547,1355.055394,972,1010,274
ATM OFICINA,10195,825,785,1960,2156,2758,3504,3313,3132,3339,2880.285714,3011.755102,3134.005831,136,112,151
OFICINA,10196,1417,2029,0,1426,1437,1402,1558,1415,1459,1449.5,1449.5,1452.857143,NAF,NAF,301
OFICINA,10197,1911,2020,1459,1636,1607,1699,1560,1821,1765,1699,1856,1691,1784,1676,1712
OFICINA,10198,1740,1727,1920,1680,1800,1816,1860,2040,1920,1920,0,1620,1740,1500,1500
OFICINA,10199,2846,3564,710,782,699,814,742,724,840,758.7142857,765.6734694,763.3411079,538,538,511
OFICINA,10200,2347,2557,2220,2201,2568,2154,2449,2709,2539,2494,2118,2199,1980,2071,1778
OFICINA,10201,3510,3197,2444,2584,2229,2494,2864,3377,0,2665.333333,2702.222222,2721.925926,3634,3738,3530
OFICINA ADICIONAL,10202,9163,0,322,338,355,328,351,315,343,336,338,338,0,0,
OFICINA,10203,2448,2248,2155,2128,2271,2181,2119,2158,2041,2034,1989,1897,1881,1866,1694
ATM REMOTO,10204,0,801,268,259,255,248,265,235,266,256.5714286,254.9387755,254.3586006,NAF,604,NAF
OFICINA,10205,3380,3564,3389,3460,3919,3736,3604,4362,3753,4128,4047,3958,4101,3914,2878
OFICINA,10206,5450,5364,3366,2511,2358,2844,2445,2452,1834,3778,2911,2307,1196,1178,583
OFICINA ADICIONAL,10207,2126,2027,815,417,120,134,0,349,509,597,1017,1078,3779,4005,3800
OFICINA ADICIONAL,10208,3696,3784,4150,3926,3033,3744,3301,3676,3524,398.2857143,4886,4713,1483,2714,520
OFICINA ADICIONAL,10209,3397,3170,1001,217,109,0,29,161,35,17,676,554,0,0,8
OFICINA,10210,2092,2042,1806,2025,2183,2150,1869,2041,2034,2159,2253,2169,2082,1837,1876
OFICINA ADICIONAL,10211,174,127,231,532,227,227,239,233,233,274.5714286,280.7959184,244.909621,223,223,107
OFICINA ADICIONAL,10212,353,349,233,231,202,247,216,219,211,226.5714286,225.6530612,224.8892128,1249,1249,255
OFICINA,10213,0,0,129,135,149,142,172,155,172,160,152.3469388,154.8250729,1249,193,0
OFICINA ADICIONAL,10214,0,0,424,521,545,485,558,464,476,463,513.4693878,512.393586,223,533,0
OFICINA ADICIONAL,10215,140,144,302,336,300,302,334,312,353,312.5714286,314.0816327,310.9504373,223,1326,0
OFICINA ADICIONAL,10216,1486,1368,145,137,136,122,143,121,131,126,134.0612245,133.6413994,1249,533,0
ATM REMOTO,10217,235,235,360,362,361,394,384,403,355,372.8571429,374.6938776,376.5072886,0,0,NAF
OFICINA,10218,4968,4743,4350,4461,3967,5097,4113,3794,3886,3469,3672,3828,4128,3790,2881
OFICINA,10219,85,85,307,279,254,295,275,300,244,284.5714286,281.3673469,281.7055394,333,333,404
OFICINA ADICIONAL,10220,167,167,148,137,130,145,135,147,140,140,138.8571429,139.122449,972,972,798
OFICINA ADICIONAL,10221,1160,1142,277,411,296,331,296,305,335,297,327.9387755,316.0728863,142,174,208.3072066
OFICINA,10222,5283,5021,4334,5828,5177,0,0,0,0,253.8571429,0,267.2419825,0,0,0
OFICINA ADICIONAL,10223,0,0,0,0,160,0,11520,3760,5320,4400,4120,5320,4240,3680,1800
ATM REMOTO,10224,1887,1960,1712,1975,2130,2122,2098,2115,1822,2042,1850,2010,0,0,0
ATM REMOTO,10225,125,143,1814,2074,2009,1814,2138,1879,2074,1971.714286,1994.244898,1982.851312,902,902,0
ATM REMOTO,10226,0,0,1840,1720,1680,2040,1960,1960,2000,1977.142857,1996.734694,2036.268222,1074,1074,1020
ATM REMOTO,10227,132,144,2263,2266,2266,2148,1871,1651,2184,2079.714286,2053.530612,1964.749271,0,0,0
OFICINA,10228,NA,NA,NA,NA,NA,NA,NA,NA,NA,NA,NA,NA,1049,959,814
OFICINA,10229,1979,2189,1753,1795,2068,2305,2070,2379,2021,2041,1982,1997,1492,1606,1302
OFICINA,10230,2716,3962,3311,3269,3639,2656,2662,3125,2591,2119,2064,2052,2125,2013,2048
OFICINA,10231,2320,1920,1800,2000,1720,1840,1680,1920,1560,1800,1600,1360,1480,1520,1480
OFICINA,10232,3066,3132,2902,2787,2709,3012,2635,2885,3004,1918,3838,2482,2327,2382,2232
ATM REMOTO,10233,174,183,171,208,189,130,200,190,203,176,197,206,187,183,171
OFICINA,10234,2053,2441,157,170,172,506,180,175,175,219.2857143,228.1836735,236.4956268,2415,2285,2447
OFICINA,10235,2381,2418,1973,2047,2218,2254,2091,2287,1910,2086,2267,1841,1708,1754,1453
OFICINA,10236,1607,1768,1500,1500,1607,1768,2781,2006,1917,2083,2305,2039,1788,1712,1701
ATM OFICINA,10237,123,135,115,115,123,135,642,275,200,244,298,201,159,265,255
ATM OFICINA,10238,612,625,0,0,0,0,0,0,0,0,0,0,200,200,190
OFICINA,10239,3745,3951,3559,3853,4088,4171,3740,4182,3800,3393,3434,3578,2934,2445,2194
OFICINA,10240,1818,1818,1737,1803,2074,2107,1871,2168,1934,1969,1564,1270,1763,1831,1765
OFICINA,10241,1337,1529,1674,1512,1718,1598,1601,1680,1487,1201,1280,1101,1211,1161,1135
OFICINA,10242,NA,NA,NA,NA,NA,NA,NA,NA,NA,NA,NA,NA,761,704,750
OFICINA,10243,2233,2140,1946,1918,2217,1984,1821,2343,2024,2062,2174,1985,1973,2040,2037
OFICINA ADICIONAL,10244,996,771,770,938,882,920,965,981,889,991,0,1005,810,768,858
OFICINA,10245,996,761,757,874,826,853,2120,829,816,953.8571429,932,1180.650146,725,694,797
OFICINA,10246,2400,2244,2142,1993,2312,2306,2294,2356,2327,2363,2289,2338,1800,1804,1854
OFICINA,10247,1351,1228,0,0,0,0,0,0,0,0,0,0,1134,1097,1090
OFICINA ADICIONAL,10248,267,643,26,28,25,0,24,28,0,26.2,26.24,25.888,485,494,201
OFICINA,10249,2333,2280,2532,2263,2675,2266,2148,1871,1651,1684,2184,2118,2374,2679,1335
OFICINA,10250,2380,2320,0,0,0,0,10067,383,149,1785,2082.5,2429.583333,3300,3660,2460
ATM REMOTO,10251,240,264,233,252,259,264,243,260,274,268,255,274,122,267,280
ATM OFICINA,10252,2009,2234,471,489,395,413,408,379,394,417.1428571,409.4489796,398.0845481,959,0,0
OFICINA,10253,1689,1506,1295,1323,1798,1799,1566,1931,1389,1556,1576,1368,1637,1689,997
ATM REMOTO,10254,242,361,361,471,489,395,413,408,379,365,394,353,423,400,461
ATM REMOTO,10255,484,460,1259,1381,1286,1521,1658,1414,1354,1410.428571,1432.061224,1439.355685,588,591,591
OFICINA,10256,1226,1340,1836,1761,1482,1534,1499,1534,534,146,7,1250.364431,2440,2080,2040
OFICINA,10257,2043,2030,2901,2661,2866,2571,2547,2623,2160,2070,2578.061224,2566.212828,2093,2121,1835
ATM REMOTO,10258,192,196,3264,3286,3613,3206,3907,2562,3156,3284.857143,3287.836735,3288.099125,1024,0,973
OFICINA,10259,1513,1660,1618,1587,1700,1537,1540,1627,1577,1551,1602,1391,1386,1570,290
OFICINA,10260,NA,NA,NA,NA,NA,NA,NA,NA,NA,NA,NA,NA,1471,1403,999
OFICINA ADICIONAL,10261,NA,NA,NA,NA,NA,NA,NA,NA,NA,NA,NA,NA,515,361,181
OFICINA,10262,0,0,554,731,726,508,5440,5840,5360,592,6160,5360,4880,4800,4800
OFICINA,10263,2779,2356,2401,2737,2719,2481,2669,2741,2401,2756,2240,2752,3140,3322,3340
OFICINA,10264,3524,3293,3662,3865,3595,3061,3267,3176,3508,3864,3319,3839,4021,2459,2892
OFICINA,10265,3876,4337,4364,4210,228,4653,4144,4744,3977,3535,3760,3313,3388,3651,2137
ATM REMOTO,10266,185,211,195,276,247,268,235,260,250,234,290,290,274,200,336
OFICINA,10267,3437,3585,4475,4586,4866,5916,5152,1989,4545,3422,3976,4071,2893,2786,2389
OFICINA,10268,3077,2164,2267,2704,2359,2472,2043,1574,2513,2890,2657,2508,2783,2938,3004
ATM REMOTO,10269,202,196,2200,2260,2600,1900,2200,2940,2040,2305.714286,2320.816327,2329.504373,267,274,300
OFICINA,10270,3553,3354,3383,3284,3590,3294,2846,3593,2780,2499,2856,2761,2534,2575,2321
OFICINA,10271,967,903,3779,3941,3960,3730,4005,3344,3783,3770.142857,3768.877551,3744.28863,864,849,956.6088561
OFICINA,10272,3883,2678,2246,2216,2391,2737,2457,2962,3112,2984,2280,2302,2369,2078,2243
ATM REMOTO,10273,305,287,255,257,293,285,228,293,267,303,322,232,227,228,236
ATM REMOTO,10274,391,357,93,27,85,164,383,0,0,150.4,161.88,188.856,350,297,355.1051661
OFICINA,10275,0,0,0,0,0,0,0,0,0,0,0,0,888,872,168
OFICINA ADICIONAL,10276,455,536,19870,902,0,3911,1392,1434,1184,1099,861,763,0,0,0
OFICINA ADICIONAL,10277,0,0,0,0,0,0,0,0,0,0,0,0,0,0,0
OFICINA ADICIONAL,10278,0,0,0,0,0,0,0,0,0,0,0,0,0,0,0
OFICINA ADICIONAL,10279,0,0,0,0,0,0,0,0,0,0,0,0,0,0,0
ATM REMOTO,10280,79,77,0,0,0,0,0,0,0,0,0,0,372,0,0
ATM REMOTO,10281,82,80,0,0,0,0,0,0,0,0,0,0,657,0,0
ATM REMOTO,10282,249,253,5869,6588,6588,5436,5193,5430,5666,4138,5534.142857,5467.163265,294,294,354
ATM REMOTO,10283,0,0,4079,3991,3991,4069,4198,0,0,153,453,430,408,390,419
OFICINA,10284,1706,1993,1983,2077,2297,1982,2116,2553,1644,923,2630.061224,2617.355685,1699,1642,1257
ATM OFICINA,10285,0,0,3853,4088,4171,4182,4182,3800,3393,3578,3894.795918,3867.195335,74,74,0
ATM REMOTO,10286,180,519,0,785,0,783,0,829,0,799,799,802.5,14,14,13
ATM REMOTO,10287,NA,NA,NA,NA,NA,NA,NA,NA,NA,NA,NA,NA,0,0,0
OFICINA,10288,2719,2751,2500,2735,2902,3148,2761,3001,2601,2566,2450.102041,2423,2293,2059,1729
OFICINA ADICIONAL,10289,204,288,34,781,595,699,552,672,640,424,643,198,639,344,412
OFICINA,10290,1873,1958,1688,2302,2580,1866,1905,1589,1703,1925,1958.857143,1909.836735,1412,1541,1470
ATM REMOTO,10291,115,0,1487,2222,2493,2194,2376,2344,1618,2140.285714,2233.612245,2235.271137,12,12,11
OFICINA,10292,2743,3568,1198,1449,1099,1453,1308,1311,1443,1323,1340.857143,1325.408163,2619,2619,2619
OFICINA,10293,2477,2703,2391,2422,2552,2407,2023,2353,2098,2015,2013,1839,2198,2283,2258
OFICINA,10294,1213,1314,1214,1259,1250,1274,1225,1382,1268,1175,1131,1074,1121,1062,931
OFICINA,10295,1220,1639,1158,1155,1254,1272,1389,1460,1313,1535,1741,1905,1549,1531,1336
OFICINA,10296,2333,3971,3665,3853,3191,4338,3660,3815,3738,2779,3321,3069,2700,2207,2315
OFICINA,10297,2373,2605,2328,2419,2560,2491,2337,2600,2323,2519,2316,2127,2015,1815,1857
OFICINA,10298,1734,1862,1793,1980,1950,1822,1694,1888,1511,1482,1516,1368,1413,1423,1295
OFICINA,10299,4807,4580,4204,4617,4539,4588,4511,4490,4185,5131,5249,4935,4162,3903,3056
OFICINA,10300,2219,2032,2073,2011,2066,2058,2621,2176,2167,2346,2444,2417,1987,2004,2141
OFICINA,10301,1460,1113,0,0,0,0,0,0,0,0,0,0,0,0,0
ATM REMOTO,10302,2079,1872,1592,1641,1533,1572,1669,1558,1506,1614.285714,1617.469388,1614.107872,2026,0,333
OFICINA,10303,1305,1152,163,124,89,88,129,121,185,127.2857143,122.1836735,121.9241983,896,1134,1388
ATM REMOTO,10304,271,307,346,323,299,373,905,356,316,342,317,318,297,295,297
OFICINA ADICIONAL,10305,403,475,626,1956,1786,1899,2077,1744,1865,1859.857143,1848.122449,1832.71137,0,0,0
OFICINA ADICIONAL,10306,2082,2246,2173,2162,2467,2273,2125,2422,1634,2102,2222.714286,2235.530612,0,0,0
OFICINA,10307,475,418,418,2218,2254,2091,2287,1910,2267,2127.571429,2139.081633,2127.80758,2358,2131,1687
ATM REMOTO,10308,232,232,2076,2173,2173,2445,2232,2293,2036,2139,2232.408163,2230.895044,147,147,139
ATM REMOTO,10309,541,545,509,665,668,633,708,640,637,508,489,521,368,365,377
OFICINA,10310,1820,1819,1504,1095,318,0,0,0,0,972.3333333,795.1111111,695.1481481,1947,1587,274
ATM REMOTO,10311,156,159,1785,1823,1680,1523,1851,2746,1976,1836,1930.142857,1945.44898,319,319,303
OFICINA,10312,439,421,429,409,422,395,398,442,464,507,475,468,383,397,401
OFICINA ADICIONAL,10313,873,930,910,942,958,988,932,1057,1171,1143,1123,1125,931,867,855
OFICINA ADICIONAL,10314,587,597,568,589,558,591,571,501,523,512,469,496,417,418,452
OFICINA,10315,1577,1263,2000,1720,1840,1680,1920,1560,1600,1360,1758.367347,1763.848397,1340,1293,0
ATM REMOTO,10316,NA,NA,NA,NA,NA,NA,NA,NA,NA,NA,NA,NA,,,
ATM REMOTO,10317,NAF,799,NAF,329,NAF,114,NAF,0,NAF,210.6,NAF,205.304,NAF,871,NAF
ATM REMOTO,10318,512,280,1439,1498,1474,1419,1442,1359,1563,1443.142857,1443.734694,1435.982507,16,196,197
OFICINA,10319,934,1194,1127,875,663,585,596,1018,909,833,488,505,623,609,260
OFICINA ADICIONAL,10320,486,1668,1553,1642,1617,1717,1731,1942,1783,1843,1792,1629,1634,1508,950
OFICINA,10321,1285,1123,117,113,0,0,0,0,0,115,114,114.5,1159,1428,1130
ATM REMOTO,10322,0,438,1062,1333,1195,1270,1531,0,0,1278.2,1321.44,1319.128,0,0,166
OFICINA,10323,1274,1345,1075,1035,1154,1195,1286,1274,1156,1012,896,766,1028,1150,1003
ATM REMOTO,10324,315,288,533,109,48,120,98,0,0,181.6,111.32,111.784,275.8393682,415.0200647,136.6586716
OFICINA,10325,2070,1919,2039,1257,2133,3448,1930,2135,1803,1922,1875,287.1982507,1731,1965,1577
OFICINA,10326,1830,1770,1770,1607,1768,10728,1860,2010,2305,2070,3313.714286,3800,1980,1950,1740
OFICINA,10327,3907,4295,4121,4136,4236,3886,3742,3963,2849,2852,2830,2889,3040,3041,2252
OFICINA,10328,0,0,0,0,0,0,0,10067,383,260,149,549,274,229,113
OFICINA ADICIONAL,10329,2156,2395,2128,2496,2136,2417,2386,2678,2206,1976,2026,2088,1912,1887,1537
OFICINA,10330,2190,2190,2079,2020,2165,1960,2072,2298,1852,2118,1920,2284,2094,2088,2000
OFICINA,10331,2185,2090,3926,3033,3744,3301,3676,3524,4886,3568.857143,3517.836735,3587.099125,1704,1732,1769
ATM REMOTO,10332,442,317,217,109,0,29,161,35,676,81.14285714,61.73469388,54.98250729,223,231,229
OFICINA,10333,1440,1434,1314,0,944,1477,1409,1459,1518,1532,1366,1261,1148,1236,1240
OFICINA,10334,2000,1880,2240,1880,2200,2320,2040,2080,2120,2080,2040,2080,1920,1920,2400
ATM REMOTO,10335,0,0,0,0,0,0,0,0,0,0,0,232,208,224,231
ATM REMOTO,10336,4146,4074,14080,14080,15200,14720,15120,15280,15280,15440,14928.97959,15050.26239,902,0,857
OFICINA,10337,2614,2511,2853,2607,2839,2903,2815,2799,2803,2634,2529,2918,2589,2298,2499
ATM REMOTO,10338,457,357,112,113,109,120,0,0,0,113.5,113.875,114.09375,173,173,164
OFICINA,10339,2972,3029,2663,3239,3358,2912,2162,2316,2416,2445,2591,2577,2837,3403,2856
ATM REMOTO,10340,520,359,515,599,777,1173,1133,897,1037,882.1428571,934.5918367,982.5335277,53,0,0
OFICINA,10341,3488,2511,2942,3361,3582,3399,3062,3050,2879,3360,3557,3690,3384,3284,2591
OFICINA,10342,1698,1745,0,2080,0,5440,5840,5360,6160,5360,5520,5520,972,1734,1718
OFICINA,10343,3757,4084,3721,4079,3915,3991,4069,4198,3555,3957,4134,4010,3829,3849,3015
OFICINA,10344,3155,6,2769,2786,3132,3111,2889,4196,3460,2782,2719,2466,2432,2476,2405
OFICINA,10345,3008,3344,2759,3314,3530,3451,3442,3273,3030,3270,3428,3615,3219,2957,1738
OFICINA,10346,0,0,0,0,0,0,0,0,0,1270,0,2007.784257,0,0,0
OFICINA ADICIONAL,10347,2520,2640,2580,2760,2940,2820,2580,1560,2640,3060,0,3360,3900,3900,3360
ATM REMOTO,10348,517,268,0,0,0,0,567,358,621,567,567,567,1713,0,1628
ATM REMOTO,10349,279,239,411,313,246,255,247,248,263,255,240,236,211,212,243
OFICINA,10350,912,1047,0,0,0,0,0,0,0,0,0,0,0,0,1021
OFICINA,10351,2645,2113,2506,3301,2704,3001,2761,2482,2610,3359,1665,3667,3271,2786,2959
ATM REMOTO,10352,177,173,173,278,210,184,205,267,201,197,0,202,194,188,257
OFICINA,10353,0,0,0,0,0,0,392,0,0,392,392,392,3158,NAF,2912
ATM REMOTO,10354,333,333,311,312,360,324,324,374,335,0,0,272,212,195,232
ATM REMOTO,10355,334,333,410,414,443,408,356,422,376,414,378,348,154,154,157
ATM REMOTO,10356,280,265,278,265,279,251,227,266,224,240,223,233,174,173,171
OFICINA,10357,3395,3868,0,0,0,0,0,0,0,0,0,0,3277,2849,2849
ATM REMOTO,10358,399,354,0,0,0,0,0,0,0,0,0,0,696,680,605
ATM REMOTO,10359,1868,2059,1812,1785,1823,1680,1523,1851,2746,1976,1723,1836,304,265,316
OFICINA,10360,321,362,303,297,321,354,312,333,325,325,0,362,1624,1692,1459
ATM REMOTO,10361,297,320,305,345,0,0,130,0,346,232,168,168,243,244,246
OFICINA,10362,196,197,1287,853,588,1868,872,1168,1070,1100.857143,1074.265306,1105.874636,1496,1659,1612
OFICINA ADICIONAL,10363,1847,1697,0,2432,1987,2381,2142,2138,0,2216,2216,2180,1306,461,253
ATM REMOTO,10364,569,480,0,0,0,0,0,0,0,0,0,0,567,317.4901841,357.2876378
OFICINA,10365,1282,1188,113,114,114,119,118,0,0,115.6,116.12,116.544,884,110,105
OFICINA,10366,0,0,0,0,0,0,0,1,0,0,0,0,1,3,3
ATM OFICINA,10367,4072,3777,3948,3314,3721,3263,3689,3594,3692,3802,3641,3692,4301,3923,3903